[
    {
        "id":1,
        "new_sale":true,
        "sale":true,
        "isCart":false,
        "isHearted":false,
        "img":"./assests/mob1.png",
        "brand":"Lenovo",
        "title":"Lenovo K6",
        "rating":1,
        "comments":9303,
        "real_price":40000,
        "actual_price":100000,
        "discount": 10
    },
    {
        "id":2,
        "new_sale":true,
        "sale":false,
        "isCart":false,
        "isHearted":false,
        "img":"./assests/mob2.png",
        "brand":"Honor",
        "title":"Honor Play 7T",
        "rating":2,
        "comments":9303,
        "real_price":70000,
        "actual_price":100000,
        "discount": 20
    },
    {
        "id":3,
        "new_sale":false,
        "sale":true,
        "isCart":false,
        "isHearted":false,
        "img":"./assests/mob4.png",
        "brand":"Meizu",
        "title":"Meizu 10",
        "rating":3,
        "comments":9303,
        "real_price":80000,
        "actual_price":100000,
        "discount": 30
    },
    {
        "id":4,
        "new_sale":false,
        "sale":false,
        "isCart":false,
        "isHearted":false,
        "img":"./assests/mob2.png",
        "brand":"Sony",
        "title":"Sony Xperia",
        "rating":4,
        "comments":9303,
        "real_price":20000,
        "actual_price":100000,
        "discount": 40
    },
    {
        "id":5,
        "new_sale":true,
        "sale":true,
        "isCart":false,
        "isHearted":false,
        "img":"./assests/mob4.png",
        "brand":"Apple",
        "title":"IPhone X",
        "rating":5,
        "comments":9303,
        "real_price":10000,
        "actual_price":100000,
        "discount": 50
    },
    {
        "id":6,
        "new_sale":true,
        "sale":false,
        "isCart":false,
        "isHearted":false,
        "img":"./assests/mob1.png",
        "brand":"Asus",
        "title":"Asus ROG",
        "rating":1,
        "comments":9303,
        "real_price":30000,
        "actual_price":100000,
        "discount": 60
    },
    {
        "id":7,
        "new_sale":false,
        "sale":true,
        "isCart":false,
        "isHearted":false,
        "img":"./assests/mob4.png",
        "brand":"Xiaomi",
        "title":"Xiaomi 13 Pro",
        "rating":2,
        "comments":9303,
        "real_price":50000,
        "actual_price":100000,
        "discount": 70
    },
    {
        "id":8,
        "new_sale":false,
        "sale":false,
        "isCart":false,
        "isHearted":false,
        "img":"./assests/mob1.png",
        "brand":"LG",
        "title":"LG G7+",
        "rating":3,
        "comments":9303,
        "real_price":60000,
        "actual_price":100000,
        "discount": 80
    },
    {
        "id":9,
        "new_sale":true,
        "sale":false,
        "isCart":false,
        "isHearted":false,
        "img":"./assests/mob2.png",
        "brand":"MOTO",
        "title":"MOTO G13",
        "rating":4,
        "comments":9303,
        "real_price":60000,
        "actual_price":100000,
        "discount": 90
    },
    {
        "id":10,
        "new_sale":true,
        "sale":true,
        "isCart":false,
        "isHearted":false,
        "img":"./assests/mob1.png",
        "brand":"KHAJA",
        "title":"KHAJA PRO",
        "rating":5,
        "comments":9303,
        "real_price":60000,
        "actual_price":100000,
        "discount": 0
    }
]